Link Name,Center of Mass X,Center of Mass Y,Center of Mass Z,Center of Mass Roll,Center of Mass Pitch,Center of Mass Yaw,Mass,Moment Ixx,Moment Ixy,Moment Ixz,Moment Iyy,Moment Iyz,Moment Izz,Visual X,Visual Y,Visual Z,Visual Roll,Visual Pitch,Visual Yaw,Mesh Filename,Color Red,Color Green,Color Blue,Color Alpha,Collision X,Collision Y,Collision Z,Collision Roll,Collision Pitch,Collision Yaw,Collision Mesh Filename,Material Name,SW Components,Coordinate System,Axis Name,Joint Name,Joint Type,Joint Origin X,Joint Origin Y,Joint Origin Z,Joint Origin Roll,Joint Origin Pitch,Joint Origin Yaw,Parent,Joint Axis X,Joint Axis Y,Joint Axis Z,Limit Effort,Limit Velocity,Limit Lower,Limit Upper,Calibration rising,Calibration falling,Dynamics Damping,Dynamics Friction,Safety Soft Upper,Safety Soft Lower,Safety K Position,Safety K Velocity
base_link,-0.00581224200987918,0.000426613373044227,-0.00105478177946666,0,0,0,5.41366707100683,0.0241142338903045,1.3553444371219E-06,-1.36708274710165E-05,0.0157681182162229,-9.83997409893714E-05,0.0357076438689546,0,0,0,0,0,0,package://bbb/meshes/base_link.STL,0.752941176470588,0.752941176470588,0.752941176470588,1,0,0,0,0,0,0,package://bbb/meshes/base_link.STL,,躯干总装-1;右腿-总装-2/PJ3-省流版(-urdf-2;左腿-总装-4/PJ3-省流版(-urdf-3;右腿-总装-镜像-1/PJ3-省流版-ur-1;左腿-总装-镜像-1/PJ3-省流版-ur-3,base_link_c,,,,0,0,0,0,0,0,,0,0,0,,,,,,,,,,,,
lf_hip_link,-0.00495565573254031,-0.0277291549147522,-4.53913481482382E-06,0,0,0,0.351815093071107,0.000225370036944545,4.21090367483954E-06,8.86016895485901E-09,0.000276953379434167,-4.458148042616E-09,0.000185724930026978,0,0,0,0,0,0,package://bbb/meshes/lf_hip_link.STL,1,1,1,1,0,0,0,0,0,0,package://bbb/meshes/lf_hip_link.STL,,左腿-总装-4/PJ3-省流版(-urdf-2;左腿-总装-4/反膝-左腿-1/大腿-1;左腿-总装-4/反膝-左腿-1/M4-5-6塞打-4;左腿-总装-4/反膝-左腿-1/M4-5-6塞打-1;左腿-总装-4/反膝-左腿-1/M4-5-6塞打-3;左腿-总装-4/反膝-左腿-1/M4-5-6塞打-2;左腿-总装-4/反膝-左腿-1/M4-12-6塞打-2;左腿-总装-4/反膝-左腿-1/M4X12-小头径-2;左腿-总装-4/反膝-左腿-1/M4X12-小头径-4;左腿-总装-4/反膝-左腿-1/M4X12-小头径-1;左腿-总装-4/反膝-左腿-1/M4X12-小头径-3;左腿-总装-4/反膝-左腿-1/M4-12-6塞打-1,lf_hip_link_c,lf_hip_link_a,lf_hip_roll_joint,revolute,0.270000000000093,0.0770000000000011,0.00650000000000003,0,0,0,base_link,-1,0,0,0,0,-0.87,0.87,,,,,,,,
lf_thigh_link,-0.0032516741330908,-0.0284664779609633,-0.0330850233372098,0,0,0,0.658206351594895,0.000991825237766489,-4.50608493670515E-06,1.33080249462515E-06,0.0011198939128053,9.80379728122229E-06,0.000292313725620739,0,0,0,0,0,0,package://bbb/meshes/lf_thigh_link.STL,0.6,0.541176470588235,0.858823529411765,1,0,0,0,0,0,0,package://bbb/meshes/lf_thigh_link.STL,,左腿-总装-4/反膝-左腿-1/小腿电机固定-1;左腿-总装-4/反膝-左腿-1/大腿电机传动件-1;左腿-总装-4/PJ3-省流版(-urdf-1;左腿-总装-4/左腿-1/大腿抱箍-左腿-1;左腿-总装-4/反膝-左腿-1/M4X12-小头径-7;左腿-总装-4/反膝-左腿-1/M4-5-6塞打-8;左腿-总装-4/反膝-左腿-1/M4-5-6塞打-11;左腿-总装-4/反膝-左腿-1/M4-5-6塞打-9;左腿-总装-4/反膝-左腿-1/M4-5-6塞打-7;左腿-总装-4/反膝-左腿-1/M4-5-6塞打-12;左腿-总装-4/反膝-左腿-1/M4-5-6塞打-10;左腿-总装-4/反膝-左腿-1/M4X12-小头径-8;左腿-总装-4/反膝-左腿-1/4X12圆柱销-2;左腿-总装-4/反膝-左腿-1/M4X12-小头径-6;左腿-总装-4/反膝-左腿-1/4X12圆柱销-1;左腿-总装-4/反膝-左腿-1/M4X12-小头径-5;左腿-总装-4/左腿-1/M4X12-小头径-1;左腿-总装-4/左腿-1/M4X12-小头径-2;左腿-总装-4/左腿-1/M4X12-小头径-3;左腿-总装-4/左腿-1/M4X12-小头径-4;左腿-总装-4/左腿-1/小腿传动件-左腿-1;左腿-总装-4/左腿-1/M4-5-6塞打-1;左腿-总装-4/左腿-1/M3X14 平杯-1;左腿-总装-4/左腿-1/M4-5-6塞打-2;左腿-总装-4/左腿-1/M3X14 平杯-2;左腿-总装-4/左腿-1/M5X8平头-3;左腿-总装-4/左腿-1/M5X8平头-1;左腿-总装-4/左腿-1/M3-12-6 塞打-1;左腿-总装-4/左腿-1/M3X14 平杯-3;左腿-总装-4/左腿-1/M5X8平头-4;左腿-总装-4/左腿-1/小腿连杆-2-1;左腿-总装-4/左腿-1/M3X8 平头-1;左腿-总装-4/左腿-1/M3X8 平头-2;左腿-总装-4/左腿-1/M3X8 平头-4;左腿-总装-4/左腿-1/M3X8 平头-3;左腿-总装-4/左腿-1/M3X8 平头-5;左腿-总装-4/左腿-1/M3X8 平头-7;左腿-总装-4/左腿-1/M3X8 平头-6;左腿-总装-4/左腿-1/对锁螺母-1;左腿-总装-4/左腿-1/M5X8平头-5;左腿-总装-4/左腿-1/6X19X4推力滚针轴承-2;左腿-总装-4/左腿-1/6X19X4推力滚针轴承-1;左腿-总装-4/左腿-1/M3X27夹板倒边螺母-5;左腿-总装-4/左腿-1/M3X27夹板倒边螺母-2;左腿-总装-4/左腿-1/M3X27夹板倒边螺母-1;左腿-总装-4/左腿-1/M3X27夹板倒边螺母-6;左腿-总装-4/左腿-1/M3X27夹板倒边螺母-7;左腿-总装-4/左腿-1/M3X27夹板倒边螺母-4;左腿-总装-4/左腿-1/M3X27夹板倒边螺母-3,lf_thigh_link_c,lf_thigh_link_a,lf_hip_pitch_joint,revolute,0,0.0820941029534056,0,0,0,0,lf_hip_link,0,-1,0,0,0,-0.79,2.61,,,,,,,,
lf_calf_link,0.0343417559529737,3.28078646290031E-05,-0.121608007996124,0,0,0,0.0885710163289359,0.000493432532279548,1.24116369279815E-09,9.20359502973423E-05,0.000522152503494185,-4.45037360047711E-09,3.11176411190955E-05,0,0,0,0,0,0,package://bbb/meshes/lf_calf_link.STL,0.698039215686274,0.698039215686274,0.698039215686274,1,0,0,0,0,0,0,package://bbb/meshes/lf_calf_link.STL,,左腿-总装-4/左腿-1/M3X10对锁螺母-1;左腿-总装-4/左腿-1/M3X6平头-1;左腿-总装-4/左腿-1/小腿件-4-1,lf_calf_link_c,lf_calf_link_a,lf_knee_joint,revolute,0,0,-0.2125,0,0,0,lf_thigh_link,0,-1,0,0,0,-2.75,-0.55,,,,,,,,
lf_foot_link,-0.00871413205939864,-7.98572501113926E-05,-0.00606935779778295,0,0,0,0.0560098725774845,1.36530429816947E-05,6.03621970966013E-08,3.961578326991E-07,1.45656639808829E-05,3.87269454059871E-08,1.29196315971462E-05,0,0,0,0,0,0,package://bbb/meshes/lf_foot_link.STL,1,1,1,1,0,0,0,0,0,0,package://bbb/meshes/lf_foot_link.STL,,左腿-总装-4/左腿-1/狗足示意-1,lf_foot_link_c,Axis_lf_ankle_joint5,lf_ankle_joint,fixed,0.0241526723373156,0,-0.238616236023326,0,0,0,lf_calf_link,0,0,0,,,,,,,,,,,,
rf_hip_link,-0.0049556486179978,0.0277280815997937,0.000243507512134741,0,0,0,0.351815204950062,0.000225370196335312,-4.21066762823921E-06,-4.51963328694996E-08,0.000276946853799147,7.81764996234794E-07,0.000185731643441757,0,0,0,0,0,0,package://bbb/meshes/rf_hip_link.STL,1,1,1,1,0,0,0,0,0,0,package://bbb/meshes/rf_hip_link.STL,,右腿-总装-2/PJ3-省流版(-urdf-3;右腿-总装-2/反膝-左腿-1/大腿-1;右腿-总装-2/反膝-左腿-1/M4-5-6塞打-3;右腿-总装-2/反膝-左腿-1/M4-5-6塞打-1;右腿-总装-2/反膝-左腿-1/M4-5-6塞打-4;右腿-总装-2/反膝-左腿-1/M4-5-6塞打-2;右腿-总装-2/反膝-左腿-1/M4X12-小头径-1;右腿-总装-2/反膝-左腿-1/M4X12-小头径-3;右腿-总装-2/反膝-左腿-1/M4X12-小头径-2;右腿-总装-2/反膝-左腿-1/M4X12-小头径-4;右腿-总装-2/反膝-左腿-1/M4-12-6塞打-1;右腿-总装-2/反膝-左腿-1/M4-12-6塞打-2,rf_hip_link_c,rf_hip_link_a,rf_hip_roll_joint,revolute,0.27,-0.0769999999999902,0.00649999999999125,0,0,0,base_link,1,0,0,0,0,-0.87,0.87,,,,,,,,
rf_thigh_link,-0.00672053829964159,0.0283915680811926,-0.0325729814067442,0,0,0,0.659661684604912,0.000998019052903586,-5.34779451471435E-06,8.41748835309276E-06,0.00112207099572353,-3.7233095489091E-06,0.000288154489024364,0,0,0,0,0,0,package://bbb/meshes/rf_thigh_link.STL,0.6,0.541176470588235,0.858823529411765,1,0,0,0,0,0,0,package://bbb/meshes/rf_thigh_link.STL,,右腿-总装-2/反膝-左腿-1/大腿电机传动件-1;右腿-总装-2/反膝-左腿-1/小腿电机固定-1;右腿-总装-2/PJ3-省流版(-urdf-1;右腿-总装-2/反膝-左腿-1/M4-5-6塞打-11;右腿-总装-2/反膝-左腿-1/M4-5-6塞打-7;右腿-总装-2/反膝-左腿-1/M4X12-小头径-7;右腿-总装-2/反膝-左腿-1/M4X12-小头径-8;右腿-总装-2/反膝-左腿-1/4X12圆柱销-2;右腿-总装-2/反膝-左腿-1/M4-5-6塞打-8;右腿-总装-2/反膝-左腿-1/M4-5-6塞打-9;右腿-总装-2/反膝-左腿-1/M4X12-小头径-6;右腿-总装-2/反膝-左腿-1/4X12圆柱销-1;右腿-总装-2/反膝-左腿-1/M4X12-小头径-5;右腿-总装-2/反膝-左腿-1/M4-5-6塞打-10;右腿-总装-2/反膝-左腿-1/M4-5-6塞打-12;右腿-总装-2/右腿-1/大腿抱箍-1;右腿-总装-2/右腿-1/小腿传动件-2-1;右腿-总装-2/右腿-1/小腿连杆-2-1;右腿-总装-2/右腿-1/6X19X4推力滚针轴承-1;右腿-总装-2/右腿-1/6X19X4推力滚针轴承-2;右腿-总装-2/右腿-1/对锁螺母-1;右腿-总装-2/右腿-1/M5X8平头-5;右腿-总装-2/右腿-1/M3X27夹板倒边螺母-3;右腿-总装-2/右腿-1/M3X27夹板倒边螺母-4;右腿-总装-2/右腿-1/M3X27夹板倒边螺母-7;右腿-总装-2/右腿-1/M3X27夹板倒边螺母-1;右腿-总装-2/右腿-1/M3X27夹板倒边螺母-2;右腿-总装-2/右腿-1/M3X27夹板倒边螺母-5;右腿-总装-2/右腿-1/M3X27夹板倒边螺母-6;右腿-总装-2/右腿-1/M3X8 平头-5;右腿-总装-2/右腿-1/M3X8 平头-7;右腿-总装-2/右腿-1/M3X8 平头-6;右腿-总装-2/右腿-1/M3X8 平头-1;右腿-总装-2/右腿-1/M3X8 平头-2;右腿-总装-2/右腿-1/M3X8 平头-4;右腿-总装-2/右腿-1/M3X8 平头-3;右腿-总装-2/右腿-1/M5X8平头-1;右腿-总装-2/右腿-1/M5X8平头-3;右腿-总装-2/右腿-1/M5X8平头-4;右腿-总装-2/右腿-1/M4-12-6塞打-1;右腿-总装-2/右腿-1/M3X14 平杯-2;右腿-总装-2/右腿-1/M4-5-6塞打-2;右腿-总装-2/右腿-1/M3X14 平杯-3;右腿-总装-2/右腿-1/M4-5-6塞打-1;右腿-总装-2/右腿-1/M3X14 平杯-1;右腿-总装-2/右腿-1/M4X12-小头径-4;右腿-总装-2/右腿-1/M4X12-小头径-3;右腿-总装-2/右腿-1/M4X12-小头径-2;右腿-总装-2/右腿-1/M4X12-小头径-1,rf_thigh_link_c,rf_thigh_link_a,rf_hip_pitch_joint,revolute,0.00625673374689839,-0.0799602406412827,-0.0007143681757424,0,0,0,rf_hip_link,0,-0.999962861141045,-0.00861837215575348,0,0,-0.79,2.61,,,,,,,,
rf_calf_link,0.0343053414952923,0.00107959677599076,-0.121375718422057,0,0,0,0.0887112564793606,0.000493433435029213,-7.91959230530167E-07,9.20325433021602E-05,0.000522116286942703,4.22730872923111E-06,3.11549394465917E-05,0,0,0,0,0,0,package://bbb/meshes/rf_calf_link.STL,0.6,0.541176470588235,0.858823529411765,1,0,0,0,0,0,0,package://bbb/meshes/rf_calf_link.STL,,右腿-总装-2/右腿-1/小腿件-4-1;右腿-总装-2/右腿-1/M3X8 平头-9;右腿-总装-2/右腿-1/M3X10对锁螺母-1,rf_calf_link_c,rf_calf_link_a,rf_knee_joint,revolute,0,0.00183140408203904,-0.212492107869655,0,0,0,rf_thigh_link,0,0.999962861141045,0.00861837215574936,0,0,-2.75,-0.55,,,,,,,,
rf_foot_link,-0.00871413333598681,-2.75457789420258E-05,-0.00606982061808625,0,0,0,0.0560098720806614,1.36530433271663E-05,5.69452574653755E-08,3.96663799090001E-07,1.45648736643304E-05,5.29061137701372E-08,1.29204202579859E-05,0,0,0,0,0,0,package://bbb/meshes/rf_foot_link.STL,1,1,1,1,0,0,0,0,0,0,package://bbb/meshes/rf_foot_link.STL,,右腿-总装-2/右腿-1/狗足示意-1,rf_foot_link_c,Axis_rf_ankle_joint,rf_ankle_joint,fixed,0.0241526723373044,0.00205647938763617,-0.238607374124243,0,0,0,rf_calf_link,0,0,0,,,,,,,,,,,,
lb_hip_link,0.00495565572022805,-0.0277291549423456,4.53915673045979E-06,0,0,0,0.351815092669551,0.000225370036592201,-4.21090362492546E-06,8.85998294641503E-09,0.000276953378961834,4.45808524602267E-09,0.000185724929867589,0,0,0,0,0,0,package://bbb/meshes/lb_hip_link.STL,1,1,1,1,0,0,0,0,0,0,package://bbb/meshes/lb_hip_link.STL,,左腿-总装-镜像-1/PJ3-省流版-ur-4;左腿-总装-镜像-1/反膝-左腿-1/大腿-1;左腿-总装-镜像-1/反膝-左腿-1/M4-5-6塞打-3;左腿-总装-镜像-1/反膝-左腿-1/M4-5-6塞打-1;左腿-总装-镜像-1/反膝-左腿-1/M4-5-6塞打-4;左腿-总装-镜像-1/反膝-左腿-1/M4-5-6塞打-2;左腿-总装-镜像-1/反膝-左腿-1/M4X12-小头径-3;左腿-总装-镜像-1/反膝-左腿-1/M4X12-小头径-1;左腿-总装-镜像-1/反膝-左腿-1/M4X12-小头径-2;左腿-总装-镜像-1/反膝-左腿-1/M4X12-小头径-4;左腿-总装-镜像-1/反膝-左腿-1/M4-12-6塞打-1;左腿-总装-镜像-1/反膝-左腿-1/M4-12-6塞打-2,lb_hip_link_c,lb_hip_link_a,lb_hip_roll_joint,revolute,-0.27,0.0769999999999937,0.00649999999998982,0,0,0,base_link,-1,0,0,0,0,-0.87,0.87,,,,,,,,
lb_thigh_link,-0.00327937465167127,-0.0284664765924946,-0.0328080757864155,0,0,0,0.658206324923643,0.000968443396666938,-2.47605315392083E-06,2.47514430228116E-05,0.00111989387492202,8.30041640505366E-06,0.000315695527021624,0,0,0,0,0,0,package://bbb/meshes/lb_thigh_link.STL,0.6,0.541176470588235,0.858823529411765,1,0,0,0,0,0,0,package://bbb/meshes/lb_thigh_link.STL,,左腿-总装-镜像-1/反膝-左腿-1/大腿电机传动件-1;左腿-总装-镜像-1/PJ3-省流版-ur-1;左腿-总装-镜像-1/左腿-1/大腿抱箍-左腿-1;左腿-总装-镜像-1/左腿-1/小腿传动件-左腿-1;左腿-总装-镜像-1/左腿-1/小腿连杆-2-1;左腿-总装-镜像-1/左腿-1/6X19X4推力滚针轴承-1;左腿-总装-镜像-1/左腿-1/6X19X4推力滚针轴承-2;左腿-总装-镜像-1/左腿-1/对锁螺母-1;左腿-总装-镜像-1/左腿-1/M5X8平头-5;左腿-总装-镜像-1/左腿-1/M3X27夹板倒边螺母-3;左腿-总装-镜像-1/左腿-1/M3X27夹板倒边螺母-7;左腿-总装-镜像-1/左腿-1/M3X27夹板倒边螺母-6;左腿-总装-镜像-1/左腿-1/M3X27夹板倒边螺母-4;左腿-总装-镜像-1/左腿-1/M3X27夹板倒边螺母-1;左腿-总装-镜像-1/左腿-1/M3X27夹板倒边螺母-2;左腿-总装-镜像-1/左腿-1/M3X27夹板倒边螺母-5;左腿-总装-镜像-1/左腿-1/M3-12-6 塞打-1;左腿-总装-镜像-1/左腿-1/M3X8 平头-1;左腿-总装-镜像-1/左腿-1/M3X8 平头-2;左腿-总装-镜像-1/左腿-1/M3X8 平头-4;左腿-总装-镜像-1/左腿-1/M3X8 平头-3;左腿-总装-镜像-1/左腿-1/M3X8 平头-5;左腿-总装-镜像-1/左腿-1/M3X8 平头-7;左腿-总装-镜像-1/左腿-1/M3X8 平头-6;左腿-总装-镜像-1/左腿-1/M5X8平头-4;左腿-总装-镜像-1/左腿-1/M5X8平头-1;左腿-总装-镜像-1/左腿-1/M5X8平头-3;左腿-总装-镜像-1/左腿-1/M3X14 平杯-3;左腿-总装-镜像-1/左腿-1/M4-5-6塞打-1;左腿-总装-镜像-1/左腿-1/M3X14 平杯-1;左腿-总装-镜像-1/左腿-1/M4-5-6塞打-2;左腿-总装-镜像-1/左腿-1/M3X14 平杯-2;左腿-总装-镜像-1/反膝-左腿-1/M4X12-小头径-7;左腿-总装-镜像-1/反膝-左腿-1/M4X12-小头径-8;左腿-总装-镜像-1/反膝-左腿-1/4X12圆柱销-2;左腿-总装-镜像-1/反膝-左腿-1/M4X12-小头径-5;左腿-总装-镜像-1/反膝-左腿-1/小腿电机固定-1;左腿-总装-镜像-1/反膝-左腿-1/4X12圆柱销-1;左腿-总装-镜像-1/反膝-左腿-1/M4X12-小头径-6;左腿-总装-镜像-1/反膝-左腿-1/M4-5-6塞打-8;左腿-总装-镜像-1/反膝-左腿-1/M4-5-6塞打-11;左腿-总装-镜像-1/反膝-左腿-1/M4-5-6塞打-9;左腿-总装-镜像-1/反膝-左腿-1/M4-5-6塞打-10;左腿-总装-镜像-1/反膝-左腿-1/M4-5-6塞打-7;左腿-总装-镜像-1/反膝-左腿-1/M4-5-6塞打-12;左腿-总装-镜像-1/左腿-1/M4X12-小头径-1;左腿-总装-镜像-1/左腿-1/M4X12-小头径-2;左腿-总装-镜像-1/左腿-1/M4X12-小头径-4;左腿-总装-镜像-1/左腿-1/M4X12-小头径-3,lb_thigh_link_c,lb_thigh_link_a,lb_hip_pitch_joint,revolute,0,0.082094102953411,0,0,0,0,lb_hip_link,0,1,0,0,0,-0.79,2.61,,,,,,,,
lb_calf_link,0.0343417559529742,3.28078646300023E-05,-0.121608007996125,0,0,0,0.0885710163289355,0.000493432532279547,1.24116369475104E-09,9.20359502973427E-05,0.000522152503494183,-4.45037359904783E-09,3.11176411190941E-05,0,0,0,0,0,0,package://bbb/meshes/lb_calf_link.STL,0.6,0.541176470588235,0.858823529411765,1,0,0,0,0,0,0,package://bbb/meshes/lb_calf_link.STL,,左腿-总装-镜像-1/左腿-1/小腿件-4-1;左腿-总装-镜像-1/左腿-1/M3X6平头-1;左腿-总装-镜像-1/左腿-1/M3X10对锁螺母-1,lb_calf_link_c,lb_calf_link_a,lb_knee_joint,revolute,0,0,-0.212500000000001,0,0,0,lb_thigh_link,0,-1,0,0,0,-2.75,-0.55,,,,,,,,
lb_foot_link,-0.00871413198622428,-7.98572501099215E-05,-0.00606935779675599,0,0,0,0.0560098725774851,1.36530429816948E-05,6.03621970965031E-08,3.96157832699089E-07,1.45656639808831E-05,3.87269454060392E-08,1.29196315971463E-05,0,0,0,0,0,0,package://bbb/meshes/lb_foot_link.STL,1,1,1,1,0,0,0,0,0,0,package://bbb/meshes/lb_foot_link.STL,,左腿-总装-镜像-1/左腿-1/狗足示意-1,lb_foot_link_c,Axis_lb_ankle_joint5,lb_ankle_joint,fixed,0.0241526722641411,0,-0.238616236024353,0,0,0,lb_calf_link,0,0,0,,,,,,,,,,,,
rb_hip_link,0.0049557,0.027729,-4.5391E-06,0,0,0,0.35182,0.00022537,4.2109E-06,-8.8602E-09,0.00027695,4.4582E-09,0.00018572,0,0,0,0,0,0,package://bbb/meshes/rb_hip_link.STL,0.6,0.54118,0.85882,1,0,0,0,0,0,0,package://bbb/meshes/rb_hip_link.STL,,右腿-总装-镜像-1/反膝-左腿-1/大腿-1;右腿-总装-镜像-1/PJ3-省流版-ur-2;右腿-总装-镜像-1/反膝-左腿-1/M4-5-6塞打-4;右腿-总装-镜像-1/反膝-左腿-1/M4-5-6塞打-1;右腿-总装-镜像-1/反膝-左腿-1/M4-5-6塞打-2;右腿-总装-镜像-1/反膝-左腿-1/M4-5-6塞打-3;右腿-总装-镜像-1/反膝-左腿-1/M4X12-小头径-2;右腿-总装-镜像-1/反膝-左腿-1/M4X12-小头径-4;右腿-总装-镜像-1/反膝-左腿-1/M4X12-小头径-1;右腿-总装-镜像-1/反膝-左腿-1/M4X12-小头径-3;右腿-总装-镜像-1/反膝-左腿-1/M4-12-6塞打-2;右腿-总装-镜像-1/反膝-左腿-1/M4-12-6塞打-1,rb_hip_link_c,rb_hip_link_a,rb_hip_roll_joint,revolute,-0.27,-0.0769999999999942,0.00650000000000997,0,0,0,base_link,-1,0,0,0,0,-0.87,0.87,,,,,,,,
rb_thigh_link,-0.00357432710440153,0.0263082225454224,-0.0328605408478059,0,0,0,0.659661375883727,0.000972453971577572,5.01796507137574E-06,1.03451497162236E-06,0.00112194487483996,-1.54452384258843E-05,0.000313845657260386,0,0,0,0,0,0,package://bbb/meshes/rb_thigh_link.STL,0.6,0.541176470588235,0.858823529411765,1,0,0,0,0,0,0,package://bbb/meshes/rb_thigh_link.STL,,右腿-总装-镜像-1/反膝-左腿-1/小腿电机固定-1;右腿-总装-镜像-1/反膝-左腿-1/M4X12-小头径-6;右腿-总装-镜像-1/反膝-左腿-1/4X12圆柱销-1;右腿-总装-镜像-1/反膝-左腿-1/M4X12-小头径-5;右腿-总装-镜像-1/反膝-左腿-1/M4X12-小头径-7;右腿-总装-镜像-1/反膝-左腿-1/M4X12-小头径-8;右腿-总装-镜像-1/反膝-左腿-1/4X12圆柱销-2;右腿-总装-镜像-1/反膝-左腿-1/大腿电机传动件-1;右腿-总装-镜像-1/PJ3-省流版-ur-3;右腿-总装-镜像-1/右腿-1/大腿抱箍-1;右腿-总装-镜像-1/右腿-1/小腿传动件-2-1;右腿-总装-镜像-1/右腿-1/小腿连杆-2-1;右腿-总装-镜像-1/反膝-左腿-1/M4-5-6塞打-9;右腿-总装-镜像-1/反膝-左腿-1/M4-5-6塞打-8;右腿-总装-镜像-1/反膝-左腿-1/M4-5-6塞打-10;右腿-总装-镜像-1/反膝-左腿-1/M4-5-6塞打-11;右腿-总装-镜像-1/反膝-左腿-1/M4-5-6塞打-7;右腿-总装-镜像-1/反膝-左腿-1/M4-5-6塞打-12;右腿-总装-镜像-1/右腿-1/对锁螺母-1;右腿-总装-镜像-1/右腿-1/M5X8平头-5;右腿-总装-镜像-1/右腿-1/6X19X4推力滚针轴承-1;右腿-总装-镜像-1/右腿-1/6X19X4推力滚针轴承-2;右腿-总装-镜像-1/右腿-1/M3X27夹板倒边螺母-3;右腿-总装-镜像-1/右腿-1/M3X27夹板倒边螺母-1;右腿-总装-镜像-1/右腿-1/M3X27夹板倒边螺母-4;右腿-总装-镜像-1/右腿-1/M3X27夹板倒边螺母-7;右腿-总装-镜像-1/右腿-1/M3X27夹板倒边螺母-2;右腿-总装-镜像-1/右腿-1/M3X27夹板倒边螺母-5;右腿-总装-镜像-1/右腿-1/M3X27夹板倒边螺母-6;右腿-总装-镜像-1/右腿-1/M3X8 平头-1;右腿-总装-镜像-1/右腿-1/M3X8 平头-2;右腿-总装-镜像-1/右腿-1/M3X8 平头-4;右腿-总装-镜像-1/右腿-1/M3X8 平头-6;右腿-总装-镜像-1/右腿-1/M3X8 平头-3;右腿-总装-镜像-1/右腿-1/M3X8 平头-7;右腿-总装-镜像-1/右腿-1/M3X8 平头-5;右腿-总装-镜像-1/右腿-1/M4-12-6塞打-1;右腿-总装-镜像-1/右腿-1/M5X8平头-1;右腿-总装-镜像-1/右腿-1/M5X8平头-3;右腿-总装-镜像-1/右腿-1/M5X8平头-4;右腿-总装-镜像-1/右腿-1/M3X14 平杯-1;右腿-总装-镜像-1/右腿-1/M4-5-6塞打-1;右腿-总装-镜像-1/右腿-1/M3X14 平杯-3;右腿-总装-镜像-1/右腿-1/M4-5-6塞打-2;右腿-总装-镜像-1/右腿-1/M3X14 平杯-2;右腿-总装-镜像-1/右腿-1/M4X12-小头径-4;右腿-总装-镜像-1/右腿-1/M4X12-小头径-3;右腿-总装-镜像-1/右腿-1/M4X12-小头径-1;右腿-总装-镜像-1/右腿-1/M4X12-小头径-2,rb_thigh_link_c,rb_thigh_link_a,rb_hip_pitch_joint,revolute,0,-0.0799663975607361,0,0,0,0,rb_hip_link,0,-1,0,0,0,-0.79,2.61,,,,,,,,
rb_calf_link,0.034305342478776,-0.00392567769259085,-0.121380515082619,0,0,0,0.0887112564289659,0.000493433434780256,1.24116369236042E-09,9.20359502973388E-05,0.000522152681913004,-4.45037359937172E-09,3.11185436198047E-05,0,0,0,0,0,0,package://bbb/meshes/rb_calf_link.STL,0.6,0.541176470588235,0.858823529411765,1,0,0,0,0,0,0,package://bbb/meshes/rb_calf_link.STL,,右腿-总装-镜像-1/右腿-1/小腿件-4-1;右腿-总装-镜像-1/右腿-1/M3X10对锁螺母-1;右腿-总装-镜像-1/右腿-1/M3X8 平头-9,rb_calf_link_c,rb_calf_link_a,rb_knee_joint,revolute,0,0.00183147210188141,-0.212500000000001,0,0,0,rb_thigh_link,0,-1,0,0,0,-2.75,-0.55,,,,,,,,
rb_foot_link,-0.00871413205939331,-7.98572501101436E-05,-0.00606935779778162,0,0,0,0.056009872577484,1.36530429816945E-05,6.0362197096531E-08,3.96157832699087E-07,1.45656639808828E-05,3.8726945406054E-08,1.2919631597146E-05,0,0,0,0,0,0,package://bbb/meshes/rb_foot_link.STL,1,1,1,1,0,0,0,0,0,0,package://bbb/meshes/rb_foot_link.STL,,右腿-总装-镜像-1/右腿-1/狗足示意-1,rb_foot_link_c,Axis_rb_ankle_joint5,rb_ankle_joint,fixed,0.0241526723373114,-0.00395917750636193,-0.238616236023326,0,0,0,rb_calf_link,0,0,0,,,,,,,,,,,,
